{"temps": [0.2, 0.25, 0.3, 0.34, 0.39, 0.44, 0.46, 0.48, 0.5, 0.52, 0.54, 0.56, 0.58, 0.6, 0.62, 0.64, 0.66, 0.68, 0.7, 0.72, 0.74, 0.76, 0.78, 0.8, 0.82, 0.84, 0.86, 0.88, 0.9, 0.92, 0.94, 1.3, 1.64, 1.98, 2.32, 2.66], "avg_en": [-200.0, -199.9997164, -199.9970616, -199.9813976, -199.904389, -199.67572095, -199.470241, -199.27560375, -198.9382303, -198.54955005, -198.0146285, -197.3340589, -196.5400694, -195.31382785, -193.98568995, -192.3138863, -189.91999065, -187.2104085, -183.34175092, -177.78713543, -166.20838593, -132.00814592, -97.96299855, -85.27776812, -79.79424389, -76.10301025, -73.00970581, -70.54304472, -68.4032214, -66.36439263, -64.69721194, -48.4158968, -42.0380186, -38.5220922, -36.183188, -34.5204238], "avg_mag": [1.0, 0.9999992910000001, 0.999992654, 0.999953494, 0.999758848, 0.999178639, 0.9986460264999999, 0.9981417340000001, 0.9972665755, 0.9962440290000001, 0.994817398, 0.992966133, 0.9907959975, 0.9873137685000001, 0.9835345685, 0.978575462, 0.9710721225000001, 0.9623984084999999, 0.9489655243999999, 0.9270613977, 0.8685727219, 0.6427538126000001, 0.3983726507, 0.3106206513, 0.2804956489, 0.2647709842, 0.2529852103, 0.24484793230000002, 0.2385396929, 0.2331303088, 0.228954001, 0.200151766, 0.192004324, 0.188479514, 0.18644963400000003, 0.18477047200000002], "spec_heat": [0.005671999999776745, 0.05309600000032334, 0.39159999999966966, 1.5401719999999846, 4.573361000000205, 10.273997500000567, 9.731862499999995, 16.868672500000045, 19.434012499999636, 26.74607750000033, 34.02847999999918, 39.699475000000646, 61.312077499999816, 66.40689500000002, 83.59018249999927, 119.69478250000084, 135.47910749999932, 193.4328790000004, 277.73077449999994, 578.9374750000002, 1710.0120004999978, 1702.2573684999988, 634.2615214999989, 274.1762115000013, 184.5616820000002, 154.66522199999972, 123.3330545, 106.99116599999944, 101.94143850000037, 83.35903450000013, 45.22587538888889, 18.75846529411765, 10.340959999999992, 6.879130000000008, 4.890482941176461], "spec_heat_temps": [0.225, 0.275, 0.32, 0.365, 0.415, 0.45, 0.47, 0.49, 0.51, 0.53, 0.55, 0.57, 0.59, 0.61, 0.63, 0.65, 0.67, 0.69, 0.71, 0.73, 0.75, 0.77, 0.79, 0.81, 0.83, 0.85, 0.87, 0.89, 0.91, 0.93, 1.12, 1.47, 1.81, 2.15, 2.49]}