{"temps": [0.2, 0.29, 0.38, 0.46, 0.55, 0.64, 0.66, 0.68, 0.7, 0.72, 0.74, 0.76, 0.78, 0.8, 0.82, 0.84, 0.86, 0.88, 0.9, 0.92, 0.94, 0.96, 0.98, 1.0, 1.02, 1.04, 1.06, 1.08, 1.1, 1.12, 1.14, 1.16, 1.47, 1.77, 2.08, 2.39, 2.69], "avg_en": [-800.0, -799.9964972, -799.7635708, -798.9130172, -794.8584452, -784.4225211, -780.32334915, -775.89677195, -769.86577725, -763.5921011, -755.2880441, -744.6039843, -732.85738615, -716.13282675, -695.70082671, -657.72658144, -567.34633399, -472.55552501, -441.73490816, -422.29582935, -407.2301216, -393.53505955, -381.9916592, -372.6625476, -364.76184045, -356.44040855, -349.78203425, -343.01094275, -336.7440916, -331.01934585, -325.93764115, -321.5673029, -273.339135, -248.253058, -232.7023328, -221.7308398, -213.6824402], "avg_mag": [1.0, 0.99999781075, 0.99985181, 0.9993089740000001, 0.9966617759999999, 0.989487282625, 0.9865278120000001, 0.9832644625, 0.97864759775, 0.9738100382499999, 0.96705507375, 0.957814494, 0.947310681, 0.9307916617499999, 0.90732727835, 0.8499244314000001, 0.6445280894500001, 0.39629349787499996, 0.335170704675, 0.30970235525, 0.295473065875, 0.2854001425, 0.27645707462499997, 0.273212465875, 0.2684552255, 0.26516567012500003, 0.26186307375, 0.2588190305, 0.256310589125, 0.25452334875, 0.2536666965, 0.25230026787500004, 0.24091620500000002, 0.236721593, 0.2345197935, 0.2330553455, 0.23186174050000002], "spec_heat": [0.03891999999975978, 2.588071111111073, 10.631920000000148, 45.05080000000007, 115.95471222222189, 204.9585975000012, 221.32885999999965, 301.54973500000466, 313.68380749999545, 415.2028500000025, 534.2029899999995, 587.3299074999971, 836.227969999998, 1021.6000020000072, 1898.7122634999976, 4519.012372499999, 4739.540448999994, 1541.0308424999996, 971.9539404999969, 753.2853875000036, 684.7531024999989, 577.1700175000001, 466.45558000000125, 395.03535749999764, 416.0715950000021, 332.9187149999993, 338.55457499999744, 313.34255750000153, 286.2372875000003, 254.08523500000203, 218.51691249999854, 155.57473516129036, 83.62025666666662, 50.1636296774194, 35.39191290322574, 26.827998666666716], "spec_heat_temps": [0.245, 0.335, 0.42, 0.505, 0.595, 0.65, 0.67, 0.69, 0.71, 0.73, 0.75, 0.77, 0.79, 0.81, 0.83, 0.85, 0.87, 0.89, 0.91, 0.93, 0.95, 0.97, 0.99, 1.01, 1.03, 1.05, 1.07, 1.09, 1.11, 1.13, 1.15, 1.315, 1.62, 1.925, 2.235, 2.54]}