{"temps": [0.4, 0.45, 0.5, 0.55, 0.65, 0.67, 0.69, 0.71, 0.73, 0.75, 0.77, 0.79, 0.81, 0.83, 0.85, 0.87, 0.89, 0.91, 0.93, 0.95, 0.97, 0.99, 1.01, 1.03, 1.05, 1.07, 1.09, 1.11, 1.13, 1.15, 1.17, 1.47, 1.78, 2.08, 2.39, 2.7], "avg_en": [-4998.659671675, -4872.654085825, -4858.5083131, -4976.6236433, -4920.75646609, -4902.46203995, -4880.88521451, -4854.54167171, -4824.44631781, -4787.47589148, -4746.30839313, -4696.5679987, -4635.70259017, -4568.14364739, -4479.53192808, -4365.8455737475, -4206.2332730575, -3876.1590820575, -3298.463856725, -3128.04850598, -3010.47323731, -2905.34675601, -2825.12993249, -2751.3797979, -2691.96739532, -2635.43584566, -2583.09547945, -2535.59318639, -2494.45682207, -2453.19158476, -2420.247338275, -2069.60681625, -1885.59703495, -1774.6479788, -1695.1610285, -1637.209874], "avg_mag": [0.9998650272099999, 0.67532503014, 0.53342641499, 0.99757578104, 0.991468958076, 0.989387860808, 0.986880357036, 0.9837391023559999, 0.9800393918399999, 0.975392382484, 0.9700119870119999, 0.963178135684, 0.9544175235360001, 0.944159284388, 0.9294404878, 0.9078482779399999, 0.871664170835, 0.743865653458, 0.360512292836, 0.319223161109, 0.306131355704, 0.296780433056, 0.291022284408, 0.285417147552, 0.283575835576, 0.28185866674, 0.27912648506800003, 0.27830835068800003, 0.276799360788, 0.2755772917, 0.27497402255000003, 0.26786515256, 0.26553204357, 0.26425508704, 0.26347667166, 0.26305498289], "spec_heat": [2520.111717, 282.91545449999836, -2362.3066040000026, 558.671772100006, 914.7213069999899, 1078.8412720000047, 1317.1771400000114, 1504.7676949999627, 1848.5213164999989, 2058.3749175000303, 2487.019721499971, 3043.2704265000184, 3377.947138999996, 4430.585965499991, 5684.317716625032, 7980.6150344999805, 16503.70954999997, 28884.761266624988, 8520.767537250043, 5878.763433499984, 5256.324065000008, 4010.8411759999817, 3687.5067294999976, 2970.6201290000054, 2826.5774830000028, 2617.0183104999956, 2375.114652999989, 2056.8182160000315, 2063.261865499997, 1647.2123242499933, 1168.8017400833328, 593.5799396774192, 369.83018716666714, 256.4095170967741, 186.93920806451618], "spec_heat_temps": [0.425, 0.475, 0.525, 0.6, 0.66, 0.68, 0.7, 0.72, 0.74, 0.76, 0.78, 0.8, 0.82, 0.84, 0.86, 0.88, 0.9, 0.92, 0.94, 0.96, 0.98, 1.0, 1.02, 1.04, 1.06, 1.08, 1.1, 1.12, 1.14, 1.16, 1.32, 1.625, 1.93, 2.235, 2.545]}