{"temps": [0.4, 0.479, 0.558, 0.637, 0.795, 0.815, 0.835, 0.855, 0.875, 0.895, 0.915, 0.935, 0.955, 0.975, 0.995, 1.015, 1.035, 1.055, 1.075, 1.095, 1.115, 1.135, 1.155, 1.175, 1.195, 1.4958, 1.7967, 2.0975, 2.3983, 2.6992], "avg_en": [-4942.43594302, -4994.94531818, -4932.46555255, -4955.70364767, -4810.80585072, -4778.443076555, -4741.33709385, -4699.16592098, -4650.28897767, -4594.684599685, -4528.810533375, -4448.16408433, -4348.089807384, -4217.064985078, -3982.675718154, -3677.230020918, -3533.038296962, -3427.991500745, -3344.50091946, -3271.43095817, -3207.729541725, -3150.01685795, -3097.930000965, -3050.749965945, -3008.32227932, -2603.48806558, -2397.48469226, -2270.15769222, -2182.49028586, -2116.98078568], "avg_mag": [0.876700965124, 0.9994856303680001, 0.857709634076, 0.9952969157760001, 0.977892458316, 0.973577601072, 0.968466068212, 0.962429393466, 0.9550642731660001, 0.946092597502, 0.9346708149599999, 0.918930341432, 0.8965427758848, 0.8595679159632, 0.738138360956, 0.4976375378304, 0.42936487634880005, 0.402606609434, 0.393385879682, 0.38691413717, 0.380301675518, 0.37527006391400003, 0.371909064016, 0.368523153012, 0.36772754564000004, 0.35403918112800004, 0.350131972592, 0.348436681336, 0.347451010632, 0.346565922032], "spec_heat": [-664.6756349367062, 790.8831092405024, -294.15310278480194, 917.0746642405014, 1618.1387082500426, 1855.2991352499687, 2108.5586435000077, 2443.8471654999807, 2780.2188992500282, 3293.7033154999854, 4032.3224522499877, 5003.713847300038, 6551.241115299985, 11719.463346199986, 15272.284861800088, 7209.586197799984, 5252.339810849999, 4174.529064249983, 3653.49806450001, 3185.0708222499834, 2885.6341887500066, 2604.3428492499947, 2359.001751000003, 2121.3843312500085, 1345.8584233377662, 684.6240389498167, 423.29454800531823, 291.44749454787365, 217.71186500498519], "spec_heat_temps": [0.44, 0.518, 0.598, 0.716, 0.805, 0.825, 0.845, 0.865, 0.885, 0.905, 0.925, 0.945, 0.965, 0.985, 1.005, 1.025, 1.045, 1.065, 1.085, 1.105, 1.125, 1.145, 1.165, 1.185, 1.345, 1.646, 1.947, 2.248, 2.549]}