{"temps": [0.2, 0.29, 0.38, 0.46, 0.55, 0.64, 0.66, 0.68, 0.7, 0.72, 0.74, 0.76, 0.78, 0.8, 0.82, 0.84, 0.86, 0.88, 0.9, 0.92, 0.94, 0.96, 0.98, 1.0, 1.02, 1.04, 1.06, 1.08, 1.1, 1.12, 1.14, 1.16, 1.47, 1.77, 2.08, 2.39, 2.69], "avg_en": [-800.0, -799.994184, -799.879546, -799.1279472, -796.2343244, -788.84153505, -785.9413866, -782.47879875, -778.72620845, -774.17472155, -768.91299935, -762.90863635, -755.42080705, -747.23582525, -736.1262456, -723.2941328, -707.6678488, -685.49822892, -654.34071077, -588.96501341, -526.82203856, -493.6751616, -474.10840285, -458.696762, -446.1702941, -435.0140142, -425.81812455, -417.58329895, -409.1654241, -401.9747269, -395.72914995, -390.18765515, -331.4079786, -302.4654722, -283.8890586, -271.3398856, -261.939235], "avg_mag": [1.0, 0.999996363375, 0.999924139, 0.99944692, 0.9975627495, 0.9925259697500001, 0.9905037416250001, 0.988013080625, 0.9852293701249999, 0.98175901825, 0.9776666190000001, 0.97291314675, 0.96661174, 0.959602511375, 0.948809035625, 0.936143574, 0.9189162888750001, 0.8889552871749999, 0.8374268442999999, 0.675246442025, 0.50276280025, 0.420933035775, 0.385526485625, 0.36301772612500005, 0.35035601800000005, 0.34206763525, 0.335212925375, 0.32878164912499996, 0.324676806375, 0.32025474025, 0.317150635, 0.31534549325, 0.2956743745, 0.289516714, 0.286071002, 0.2841744175, 0.28284113850000003], "spec_heat": [0.06462222222201795, 1.2737555555557059, 9.394985000000132, 32.15136444444447, 82.14210388888941, 145.0074224999979, 173.12939249999872, 187.62951500000415, 227.5743449999991, 263.0861100000002, 300.21814999999464, 374.39146500000186, 409.24909000000264, 555.4789825000026, 641.605639999994, 781.3142000000021, 1108.4809940000005, 1557.875907499998, 3268.7848679999975, 3107.148742500013, 1657.343847999998, 978.3379375000001, 770.5820425000006, 626.3233949999994, 557.8139949999975, 459.7944825000009, 411.7412799999979, 420.8937425000012, 359.53485999999907, 312.2788475000025, 277.07474000000025, 189.61185983870976, 96.47502133333317, 59.92391483870974, 40.48120322580643, 31.335502000000037], "spec_heat_temps": [0.245, 0.335, 0.42, 0.505, 0.595, 0.65, 0.67, 0.69, 0.71, 0.73, 0.75, 0.77, 0.79, 0.81, 0.83, 0.85, 0.87, 0.89, 0.91, 0.93, 0.95, 0.97, 0.99, 1.01, 1.03, 1.05, 1.07, 1.09, 1.11, 1.13, 1.15, 1.315, 1.62, 1.925, 2.235, 2.54]}