{"temps": [0.2, 0.33, 0.46, 0.58, 0.71, 0.84, 0.86, 0.88, 0.9, 0.92, 0.94, 0.96, 0.98, 1.0, 1.02, 1.04, 1.06, 1.08, 1.1, 1.12, 1.14, 1.16, 1.18, 1.2, 1.22, 1.24, 1.26, 1.28, 1.3, 1.32, 1.34, 1.63, 1.91, 2.18, 2.45, 2.73], "avg_en": [-200.0, -199.9982458, -199.9259348, -199.5577368, -198.2536976, -195.2580023, -194.5537496, -193.8283049, -192.9996598, -192.0519956, -191.0522549, -189.8786034, -188.6538519, -187.2027969, -185.8378373, -184.1036081, -182.3118556, -180.0381883, -177.98799008, -175.61730728, -173.04065862, -170.45601118, -167.87032876, -165.36833104, -162.842753, -160.40834298, -158.1843414, -156.00536546, -154.16385272, -152.2390913, -150.75963048, -136.4983536, -129.5587852, -125.0447832, -121.9535944, -119.3504724], "avg_mag": [1.0, 0.9999956145, 0.999812006, 0.998849094, 0.995274194, 0.986183693, 0.9838610875, 0.9814231645, 0.9785092315, 0.9750291445000001, 0.9714365925, 0.9666077095, 0.9617335525, 0.9548047855, 0.9491929195000001, 0.9403092095, 0.9305719179999999, 0.9170866525, 0.9055972688, 0.8903582584, 0.8726805122000001, 0.8543533305, 0.835514809, 0.8169921565999999, 0.7974455521999999, 0.778403769, 0.7607317841, 0.7436913526, 0.7294287106, 0.7138825793, 0.7036002156000001, 0.613794802, 0.5877960680000001, 0.575215104, 0.568499806, 0.56362465], "spec_heat": [0.013493846153796066, 0.5562384615385642, 3.068316666666724, 10.031070769230592, 23.043810000000175, 35.21263499999915, 36.27223499999982, 41.432255000000815, 47.38320999999952, 49.987034999999715, 58.68257500000022, 61.237574999999765, 72.55274999999976, 68.24798000000095, 86.71145999999929, 89.58762499999997, 113.68336499999988, 102.50991099999985, 118.53413999999977, 128.8324330000022, 129.23237199999977, 129.28412099999906, 125.09988600000088, 126.27890199999985, 121.72050099999996, 111.20007899999952, 108.94879699999923, 92.07563700000057, 96.238070999999, 73.97304100000063, 49.17681682758623, 24.784172857142902, 16.718525925925878, 11.448847407407397, 9.296864285714289], "spec_heat_temps": [0.265, 0.395, 0.52, 0.645, 0.775, 0.85, 0.87, 0.89, 0.91, 0.93, 0.95, 0.97, 0.99, 1.01, 1.03, 1.05, 1.07, 1.09, 1.11, 1.13, 1.15, 1.17, 1.19, 1.21, 1.23, 1.25, 1.27, 1.29, 1.31, 1.33, 1.485, 1.77, 2.045, 2.315, 2.59]}