{"temps": [0.2, 0.33, 0.46, 0.58, 0.71, 0.84, 0.86, 0.88, 0.9, 0.92, 0.94, 0.96, 0.98, 1.0, 1.02, 1.04, 1.06, 1.08, 1.1, 1.12, 1.14, 1.16, 1.18, 1.2, 1.22, 1.24, 1.26, 1.28, 1.3, 1.32, 1.34, 1.63, 1.91, 2.18, 2.45, 2.73], "avg_en": [-1739.8188245, -1799.9816138, -1799.3824404, -1795.8767224, -1784.5047216, -1757.2528002, -1751.4377561, -1744.179881, -1736.8831482, -1728.6199375, -1719.3510178, -1709.3731111, -1697.3134579, -1684.9156725, -1672.8192912, -1656.8076556, -1639.8818026, -1618.7370944, -1595.15426624, -1568.0835002, -1538.13482084, -1501.91494894, -1475.05178466, -1445.46774784, -1426.14242622, -1407.82711276, -1389.9996574, -1376.05652086, -1362.53794128, -1350.86482152, -1339.09692998, -1226.2286204, -1165.484268, -1125.7088496, -1097.1221344, -1075.1374164], "avg_mag": [0.6539924403888888, 0.9999948927222223, 0.9998255904444444, 0.9988091177777778, 0.9953355024444444, 0.986157404388889, 0.9841162015, 0.9813241927777777, 0.9785577783333334, 0.9752296456666666, 0.971322912, 0.9669602247222223, 0.9606358931111111, 0.9552053545555556, 0.9493190131111111, 0.9402798546666666, 0.9288592413333333, 0.9131630076666666, 0.8910843757777778, 0.8584225402444444, 0.8214814907, 0.7581629219111111, 0.7176778415222222, 0.6629923478777777, 0.6417229624666667, 0.6180846358444444, 0.596622667888889, 0.5886216924444444, 0.5800394549777778, 0.5749184085888889, 0.5684623637888889, 0.5370679495555556, 0.5297118113333333, 0.5254540422222223, 0.5230292626666666, 0.5210644366666667], "spec_heat": [-462.79068692307857, 4.60902615384734, 29.21431666666575, 87.47692923076941, 209.6301646153856, 290.75220500000086, 362.8937549999929, 364.8366399999983, 413.1605349999969, 463.445985000012, 498.895334999997, 602.9826599999973, 619.8892699999982, 604.8190650000032, 800.5817799999925, 846.2926500000086, 1057.2354099999975, 1179.141407999997, 1353.538302000003, 1497.433968000011, 1810.9935950000006, 1343.158213999992, 1479.2018410000069, 966.2660809999911, 915.7656729999977, 891.3727680000071, 697.1568269999915, 675.928979000002, 583.6559879999976, 588.3945770000076, 389.2010675172415, 216.94411571428577, 147.31636444444445, 105.87672296296238, 78.51685000000062], "spec_heat_temps": [0.265, 0.395, 0.52, 0.645, 0.775, 0.85, 0.87, 0.89, 0.91, 0.93, 0.95, 0.97, 0.99, 1.01, 1.03, 1.05, 1.07, 1.09, 1.11, 1.13, 1.15, 1.17, 1.19, 1.21, 1.23, 1.25, 1.27, 1.29, 1.31, 1.33, 1.485, 1.77, 2.045, 2.315, 2.59]}