{"temps": [0.2, 0.25, 0.3, 0.34, 0.39, 0.44, 0.46, 0.48, 0.5, 0.52, 0.54, 0.56, 0.58, 0.6, 0.62, 0.64, 0.66, 0.68, 0.7, 0.72, 0.74, 0.76, 0.78, 0.8, 0.82, 0.84, 0.86, 0.88, 0.9, 0.92, 0.94, 1.3, 1.64, 1.98, 2.32, 2.66], "avg_en": [-1800.0, -1799.9983344, -1799.9762816, -1799.8096136, -1799.0229826, -1797.010188, -1795.24140885, -1793.38633195, -1790.5462318, -1786.89836995, -1782.33932, -1775.9043513, -1768.38908665, -1758.83907825, -1746.0019649, -1730.91136195, -1711.87084575, -1686.43106185, -1650.68765418, -1601.09684143, -1508.28909848, -865.41203458, -797.02211985, -749.87644463, -713.15019311, -681.99365682, -656.03942866, -634.30146399, -614.74752182, -597.20956271, -582.85635219, -434.3921178, -378.060354, -346.3840596, -325.3040844, -310.7148366], "avg_mag": [1.0, 0.9999995373333334, 0.9999934115555557, 0.9999471148888889, 0.9997272142222222, 0.99911283, 0.9986513063333333, 0.9981191198888889, 0.9972983407222222, 0.996229118388889, 0.9948758036666667, 0.9929263683333333, 0.9906562826666666, 0.9876810927222222, 0.9835338933888889, 0.9786710967222223, 0.9721209540555555, 0.9630347721666667, 0.9492592955888889, 0.9280958990111111, 0.879611281088889, 0.20525357082222223, 0.18411132613333334, 0.17568423026666669, 0.16955201804444445, 0.16600215598888887, 0.16304707482222222, 0.1607902922111111, 0.15913020327777777, 0.1577267778888889, 0.15664369161111114, 0.14853564933333335, 0.146316968, 0.14555598866666666, 0.14472950555555555, 0.14419287933333333], "spec_heat": [0.0333120000004783, 0.4410559999996623, 4.166700000001807, 15.732619999998864, 40.25589200000014, 88.43895749999993, 92.75384499999308, 142.00500750000617, 182.39309250000116, 227.95249749999564, 321.74843500000605, 375.76323249999353, 477.5004200000008, 641.8556674999985, 754.5301475000081, 952.025809999997, 1271.9891949999908, 1787.1703835000146, 2479.540637499995, 4640.387147500003, 32143.853194999967, 3419.4957364999964, 2357.2837609999942, 1836.312576000009, 1557.8268145000025, 1297.7114079999967, 1086.898233499999, 977.6971085000005, 876.8979554999979, 717.6605260000007, 412.4006510833334, 165.68165823529412, 93.16557176470592, 61.999927058823495, 42.90955235294117], "spec_heat_temps": [0.225, 0.275, 0.32, 0.365, 0.415, 0.45, 0.47, 0.49, 0.51, 0.53, 0.55, 0.57, 0.59, 0.61, 0.63, 0.65, 0.67, 0.69, 0.71, 0.73, 0.75, 0.77, 0.79, 0.81, 0.83, 0.85, 0.87, 0.89, 0.91, 0.93, 1.12, 1.47, 1.81, 2.15, 2.49]}