{"temps": [0.2, 0.25, 0.3, 0.34, 0.39, 0.44, 0.46, 0.48, 0.5, 0.52, 0.54, 0.56, 0.58, 0.6, 0.62, 0.64, 0.66, 0.68, 0.7, 0.72, 0.74, 0.76, 0.78, 0.8, 0.82, 0.84, 0.86, 0.88, 0.9, 0.92, 0.94, 1.3, 1.64, 1.98, 2.32, 2.66], "avg_en": [-800.0, -800.0, -799.9885648, -799.8993208, -799.627313, -798.66936645, -797.9617055, -797.07429845, -795.85844105, -794.14328425, -792.1088674, -789.4180702, -786.0457389, -781.37098835, -775.72359885, -768.68319885, -759.9182527, -748.8996984, -733.26732333, -711.05054908, -660.76519323, -400.96702631, -354.93500747, -333.17535382, -316.80892783, -303.07857684, -291.88186011, -282.01973837, -273.1781242, -265.46681183, -258.78219282, -193.7022744, -168.639904, -153.9334442, -144.8066112, -138.2263244], "avg_mag": [1.0, 1.0, 0.999992853, 0.9999370755, 0.999766391, 0.99915504975, 0.998703595875, 0.9981263932500001, 0.9973362701249999, 0.996211031125, 0.9948573512500001, 0.993056054125, 0.9907244271250001, 0.987441501875, 0.9833073341249999, 0.9780867910000001, 0.97136416675, 0.9624121680000001, 0.9488626665, 0.9274855247249999, 0.8596293040749999, 0.293091197075, 0.220652865325, 0.203727903775, 0.194736618275, 0.1881287011, 0.183950539125, 0.1802706199, 0.177490536575, 0.17532474127499997, 0.173762443175, 0.161010308, 0.157411052, 0.1558288735, 0.1547387145, 0.1540934015], "spec_heat": [0.0, 0.2287040000010166, 2.231099999997353, 5.440156000001935, 19.158930999999487, 35.38304749999949, 44.37035249999903, 60.792870000000164, 85.75784000000219, 101.72084249999776, 134.53986000000089, 168.61656500000288, 233.73752749999974, 282.36947499999565, 352.0199999999985, 438.2473075000003, 550.9277149999998, 781.6187535000076, 1110.838712499997, 2514.2677924999966, 12989.90834599999, 2301.600941999997, 1087.9826825, 818.321299500003, 686.5175495000011, 559.8358364999991, 493.10608699999773, 442.0807085000003, 385.56561850000116, 334.2309505000018, 180.77755116666657, 73.71285411764707, 43.25429352941177, 26.843626470588262, 19.353784705882283], "spec_heat_temps": [0.225, 0.275, 0.32, 0.365, 0.415, 0.45, 0.47, 0.49, 0.51, 0.53, 0.55, 0.57, 0.59, 0.61, 0.63, 0.65, 0.67, 0.69, 0.71, 0.73, 0.75, 0.77, 0.79, 0.81, 0.83, 0.85, 0.87, 0.89, 0.91, 0.93, 1.12, 1.47, 1.81, 2.15, 2.49]}