{"temps": [0.4, 0.44, 0.48, 0.51, 0.59, 0.61, 0.63, 0.65, 0.67, 0.69, 0.71, 0.73, 0.75, 0.77, 0.79, 0.81, 0.83, 0.85, 0.87, 0.89, 0.91, 0.93, 0.95, 0.97, 0.99, 1.01, 1.03, 1.05, 1.07, 1.09, 1.11, 1.42, 1.74, 2.05, 2.37, 2.68], "avg_en": [-4998.06970305, -4995.33820015, -4859.99433595, -4982.444677125, -4814.94056194, -4931.04790064, -4912.64035324, -4890.81040549, -4864.11421578, -4831.45853287, -4793.09069587, -4746.0581688, -4690.64651865, -4619.4672203, -4534.59378944, -4418.29212453, -4250.60594692, -3890.0857360525, -3006.71553202, -2821.76662184, -2685.71673386, -2583.20533288, -2500.49788335, -2424.68072484, -2360.44027323, -2302.91506512, -2251.78235695, -2204.41829122, -2163.03101811, -2125.11087868, -2087.6803368, -1742.110970775, -1565.81930475, -1461.345564, -1388.624133275, -1337.080419175], "avg_mag": [0.99980519281, 0.99952775395, 0.61697572128, 0.99819607953, 0.6689219984239999, 0.9926629849599999, 0.9906080000640001, 0.9881224166, 0.985035404636, 0.9810970012, 0.97642498404, 0.9703802333120001, 0.9630145855639999, 0.952920215732, 0.9400883304200001, 0.9205874377140001, 0.8871973669209999, 0.775937924339, 0.278417929355, 0.256287360807, 0.24328675966000002, 0.237967325884, 0.233566590752, 0.23087378857600002, 0.22874250274000002, 0.22721329741599997, 0.225705535688, 0.22411975952399998, 0.22352904924, 0.222727375872, 0.22165261876, 0.21624134025, 0.21447278558, 0.21346442612, 0.21300901835, 0.21257962841], "spec_heat": [68.28757249998037, 3383.5966050000043, -4081.678039166669, 2093.8014398125015, -5805.366934999978, 920.3773700000048, 1091.497387499975, 1334.8094854999988, 1632.7841455000073, 1918.391850000033, 2351.6263534999757, 2770.58250750001, 3558.9649174999945, 4243.671542999979, 5815.0832454999945, 8384.308880500059, 18026.010543374974, 44168.510201624966, 9247.44550899999, 6802.494398999982, 5125.570049000016, 4135.3724765000115, 3790.857925499992, 3212.022580499999, 2876.2604055000083, 2556.6354084999807, 2368.2032865000087, 2069.3636554999994, 1896.0069714999902, 1871.5270939999966, 1114.7398904032268, 550.911456328125, 337.01206693548386, 227.25447101562446, 166.2700454838709], "spec_heat_temps": [0.42, 0.46, 0.495, 0.55, 0.6, 0.62, 0.64, 0.66, 0.68, 0.7, 0.72, 0.74, 0.76, 0.78, 0.8, 0.82, 0.84, 0.86, 0.88, 0.9, 0.92, 0.94, 0.96, 0.98, 1.0, 1.02, 1.04, 1.06, 1.08, 1.1, 1.265, 1.58, 1.895, 2.21, 2.525]}