{"temps": [0.2, 0.33, 0.46, 0.58, 0.71, 0.84, 0.86, 0.88, 0.9, 0.92, 0.94, 0.96, 0.98, 1.0, 1.02, 1.04, 1.06, 1.08, 1.1, 1.12, 1.14, 1.16, 1.18, 1.2, 1.22, 1.24, 1.26, 1.28, 1.3, 1.32, 1.34, 1.63, 1.91, 2.18, 2.45, 2.73], "avg_en": [-800.0, -799.9926558, -799.7045536, -798.1708644, -793.12547, -781.0623197, -778.2259205, -775.2931934, -772.0475749, -768.3393974, -764.3007386, -759.6890764, -754.7541121, -749.4279819, -742.7541107, -736.7120866, -728.3871387, -719.6670154, -709.16677804, -697.93425638, -686.13820924, -672.02747718, -659.4415985, -647.16949318, -636.66984548, -628.0285921, -619.52641408, -612.79814662, -606.56375106, -600.79647284, -595.4140056, -544.9794436, -517.8252312, -500.4735868, -487.4693816, -477.5812572], "avg_mag": [1.0, 0.999995409875, 0.9998132934999999, 0.9988069305, 0.9953326459999999, 0.9861668125, 0.98390308175, 0.981424347625, 0.978506117875, 0.97534206575, 0.971598593625, 0.9668606465, 0.96195208725, 0.956102080375, 0.94734774825, 0.940561421125, 0.928187491125, 0.9149998512499999, 0.8931323032999999, 0.8685376891250001, 0.8404660376249999, 0.79994808565, 0.7634257225000001, 0.7256563923, 0.693877210675, 0.6726712942, 0.6490177803, 0.63498063695, 0.62331408365, 0.613569176575, 0.603143529925, 0.5570421315, 0.543479324, 0.537705031, 0.5340200245, 0.531987376], "spec_heat": [0.05649384615410851, 2.2161707692300925, 12.780743333333557, 38.81072615384675, 92.79346384615354, 141.81995999999788, 146.63635500000382, 162.28092499999875, 185.40887499999582, 201.9329400000013, 230.58311000000324, 246.74821499999643, 266.30651000000375, 333.6935600000001, 302.10120499999647, 416.2473949999988, 436.006165000003, 525.0118679999953, 561.626083000004, 589.8023570000024, 705.5366030000009, 629.293933999997, 613.6052660000013, 524.982384999998, 432.0626690000036, 425.1089009999983, 336.4133729999989, 311.71977800000235, 288.3639109999987, 269.1233619999989, 173.9122827586209, 96.97933, 64.26534962962936, 48.163722962962964, 35.31473000000016], "spec_heat_temps": [0.265, 0.395, 0.52, 0.645, 0.775, 0.85, 0.87, 0.89, 0.91, 0.93, 0.95, 0.97, 0.99, 1.01, 1.03, 1.05, 1.07, 1.09, 1.11, 1.13, 1.15, 1.17, 1.19, 1.21, 1.23, 1.25, 1.27, 1.29, 1.31, 1.33, 1.485, 1.77, 2.045, 2.315, 2.59]}