{"temps": [0.4, 0.42, 0.43, 0.45, 0.48, 0.5, 0.52, 0.54, 0.56, 0.58, 0.6, 0.62, 0.64, 0.66, 0.68, 0.7, 0.72, 0.74, 0.76, 0.78, 0.8, 0.82, 0.84, 0.86, 0.88, 0.9, 0.92, 0.94, 0.96, 0.98, 1.0, 1.33, 1.67, 2.0, 2.33, 2.67], "avg_en": [-4996.75978555, -4994.6556326, -4741.6198783, -4989.859800725, -4981.70303333, -4973.90129291, -4814.0271074, -4950.31374947, -4933.58441285, -4912.4432854, -4885.67859249, -4850.81131836, -4804.58261456, -4752.59115693, -4680.99575158, -4583.9892496925, -4445.1806746675, -4171.603472905, -2414.0746268875, -2214.3963935625, -2078.34255775, -1977.83084272, -1894.57691582, -1823.96668599, -1762.70233351, -1706.47234937, -1659.98717228, -1616.62415872, -1576.46305702, -1541.92877544, -1507.942557875, -1191.99200705, -1042.9415783, -958.25775365, -903.079489825, -862.17230275], "avg_mag": [0.9996730829, 0.9994582499300001, 0.34733195833999997, 0.99896800762, 0.998127568644, 0.997313769168, 0.64013391676, 0.994812182884, 0.992995514928, 0.9906765919760001, 0.9876732122199999, 0.983660180828, 0.9781709788960001, 0.971731786292, 0.9625410213560001, 0.9490531767799999, 0.927661919639, 0.874097860327, 0.17322859735100002, 0.159792401813, 0.15392785112, 0.15076158426, 0.14853265831999998, 0.147026049368, 0.146113347696, 0.145173716828, 0.144289868984, 0.14350932962, 0.142975730288, 0.142408904316, 0.14220910425, 0.13883126592, 0.13769053032, 0.13701730057, 0.13666394619, 0.13644951967], "spec_heat": [105.20764749999236, 25303.57542999998, -12411.996121250002, 271.8922465000108, 390.087020999999, 7993.709275499979, -6814.3321035000035, 836.4668310000062, 1057.0563725000334, 1338.234645500005, 1743.3637064999841, 2311.4351899999724, 2599.5728815000325, 3579.770267499995, 4850.325094374989, 6940.428751250004, 13678.860088125008, 87876.44230087491, 9983.911666249984, 6802.691790624993, 5025.585751500035, 4162.696344999991, 3530.511491499996, 3063.217624000001, 2811.499206999995, 2324.2588544999967, 2168.1506780000163, 2008.055084999999, 1726.714078999997, 1699.3108782500015, 957.4259115909086, 438.38361397058856, 256.6176504545451, 167.20686007575767, 120.3152561029413], "spec_heat_temps": [0.41, 0.425, 0.44, 0.465, 0.49, 0.51, 0.53, 0.55, 0.57, 0.59, 0.61, 0.63, 0.65, 0.67, 0.69, 0.71, 0.73, 0.75, 0.77, 0.79, 0.81, 0.83, 0.85, 0.87, 0.89, 0.91, 0.93, 0.95, 0.97, 0.99, 1.165, 1.5, 1.835, 2.165, 2.5]}