{
  "temps": [
    0.4,
    0.49,
    0.59,
    0.68,
    0.87,
    0.89,
    0.91,
    0.93,
    0.95,
    0.97,
    0.99,
    1.01,
    1.03,
    1.05,
    1.07,
    1.09,
    1.11,
    1.13,
    1.15,
    1.17,
    1.19,
    1.21,
    1.23,
    1.25,
    1.27,
    1.29,
    1.31,
    1.33,
    1.35,
    1.37,
    1.39,
    1.66,
    1.93,
    2.19,
    2.46,
    2.73
  ],
  "avg_en": [
    -4989.73460345,
    -4894.65382715,
    -4939.7338848,
    -4966.69637265,
    -4854.97526182,
    -4834.56530476,
    -4813.15043546,
    -4788.8826232,
    -4761.60533486,
    -4733.23443984,
    -4699.96119608,
    -4663.34138888,
    -4622.95496746,
    -4578.82665322,
    -4526.2288331,
    -4468.612868455,
    -4395.982353125,
    -4302.715612765,
    -4193.125000825,
    -4108.35276564,
    -4036.8773331,
    -3978.61167508,
    -3927.5188068,
    -3881.26331738,
    -3841.99707098,
    -3803.92421176,
    -3767.15005386,
    -3735.26084364,
    -3704.67544406,
    -3677.10906724,
    -3646.2517442,
    -3385.94332525,
    -3228.3855736,
    -3125.12567545,
    -3044.8743002,
    -2984.6788693
  ],
  "avg_mag": [
    0.9830024925899999,
    0.73119143671,
    0.8866204690099999,
    0.99643729239,
    0.982713828772,
    0.979903205756,
    0.976906965324,
    0.973280059268,
    0.969043007172,
    0.9646221377919999,
    0.9588145268280001,
    0.9520011460600001,
    0.94427996268,
    0.9349852805279999,
    0.922157353784,
    0.905469311156,
    0.8778014074569999,
    0.820650054658,
    0.728400781312,
    0.6638579655169999,
    0.622963804152,
    0.588689338068,
    0.5728432842719999,
    0.5655614337320001,
    0.5565496752719999,
    0.550242480812,
    0.545948767924,
    0.543012274528,
    0.539533634324,
    0.5369543067960001,
    0.53428629443,
    0.52160604334,
    0.51731960793,
    0.51530957138,
    0.51366425453,
    0.51272308027
  ],
  "spec_heat": [
    1056.453069999993,
    -450.8005764999963,
    -299.58319833333184,
    588.0058464736834,
    1020.4978530000053,
    1070.743464999986,
    1213.3906130000003,
    1363.8644170000198,
    1418.544750999989,
    1663.662187999988,
    1830.990360000031,
    2019.3210709999657,
    2206.4157120000327,
    2629.8910059999776,
    2880.7982322499784,
    3631.525766499996,
    4663.337018000086,
    5479.53059699998,
    4238.611759249985,
    3573.7716269999933,
    2913.2829009999996,
    2554.643413999995,
    2312.7744710000093,
    1963.3123199999982,
    1903.6429609999898,
    1838.7078950000143,
    1594.460510999987,
    1529.2699790000129,
    1378.3188409999855,
    1542.8661520000262,
    964.1052553703704,
    583.5472283333324,
    397.153454423077,
    297.2273157407404,
    222.94604037037126
  ],
  "spec_heat_temps": [
    0.445,
    0.54,
    0.635,
    0.775,
    0.88,
    0.9,
    0.92,
    0.94,
    0.96,
    0.98,
    1.0,
    1.02,
    1.04,
    1.06,
    1.08,
    1.1,
    1.12,
    1.14,
    1.16,
    1.18,
    1.2,
    1.22,
    1.24,
    1.26,
    1.28,
    1.3,
    1.32,
    1.34,
    1.36,
    1.38,
    1.525,
    1.795,
    2.06,
    2.325,
    2.595
  ]
}