{"temps": [0.4, 0.479, 0.558, 0.637, 0.795, 0.815, 0.835, 0.855, 0.875, 0.895, 0.915, 0.935, 0.955, 0.975, 0.995, 1.015, 1.035, 1.055, 1.075, 1.095, 1.115, 1.135, 1.155, 1.175, 1.195, 1.4958, 1.7967, 2.0975, 2.3983, 2.6992], "avg_en": [-799.8392158, -799.1925904, -797.3025029, -792.810887, -769.7322999, -764.47282886, -758.58932828, -751.80663492, -743.96132136, -734.7918537, -724.04293454, -711.35328942, -696.15992319, -673.23000252, -645.99622757, -608.50132536, -576.8380353, -551.73373182, -537.7696787, -524.2722096, -513.23635402, -504.16021206, -495.70170476, -487.6085926, -480.6568203, -416.2805042, -383.2407987, -363.2294405, -349.1628801, -338.9111407], "avg_mag": [0.99989879525, 0.99948507475, 0.9982544477499999, 0.9952237585, 0.9779006902499999, 0.9735615953500001, 0.9684908079, 0.96237005525, 0.9549390798, 0.94558576155, 0.9336388755, 0.9184151737499999, 0.89730136325, 0.85450020985, 0.79563391735, 0.689417695, 0.596769829625, 0.5225516518500001, 0.4978561219, 0.4698177688, 0.4541722131, 0.44135093425, 0.43224618714999996, 0.42366697185, 0.41732083175, 0.385936856, 0.37575439925, 0.3716291015, 0.36887418250000004, 0.36653469774999997], "spec_heat": [8.185131645570406, 23.92515822784727, 56.855897468355174, 146.0670069620249, 262.97355200000095, 294.1750290000013, 339.13466800000236, 392.2656779999951, 458.47338300000007, 537.4459580000002, 634.4822560000006, 759.6683115000054, 1146.4960334999992, 1361.6887474999987, 1874.7451105000068, 1583.164502999999, 1255.2151739999988, 698.2026560000003, 674.8734549999989, 551.7927789999983, 453.8070980000011, 422.925365, 404.65560799999844, 347.5886150000005, 214.01700831117023, 109.80294283815212, 66.52712167553193, 46.76383111702137, 34.07025390495188], "spec_heat_temps": [0.44, 0.518, 0.598, 0.716, 0.805, 0.825, 0.845, 0.865, 0.885, 0.905, 0.925, 0.945, 0.965, 0.985, 1.005, 1.025, 1.045, 1.065, 1.085, 1.105, 1.125, 1.145, 1.165, 1.185, 1.345, 1.646, 1.947, 2.248, 2.549]}