{
  "temps": [
    0.4,
    0.8952,
    0.9002,
    0.9052,
    0.9102,
    0.9152,
    0.9202
  ],
  "avg_en": [
    -4998.562405,
    -4149.203516002,
    -4076.794730724,
    -3989.770225448,
    -3791.75076068,
    -3648.239861824,
    -3459.644826092
  ],
  "avg_mag": [
    0.9998552169799999,
    0.8555274225896,
    0.8327136177384,
    0.7989391898384001,
    0.6710005864992,
    0.5877906990744,
    0.4488268855048
  ],
  "spec_heat": [
    1715.1835399798065,
    14481.75705559987,
    17404.90105520001,
    39603.89295359997,
    28702.179771199982,
    37719.00714639993
  ],
  "spec_heat_temps": [
    0.648,
    0.898,
    0.903,
    0.908,
    0.913,
    0.918
  ]
}