{
  "temps": [
    0.4,
    0.8365,
    0.8415,
    0.8465,
    0.8515,
    0.8565,
    0.8615
  ],
  "avg_en": [
    -4998.130677775,
    -4181.023117496,
    -4104.578408546,
    -3991.456975042,
    -3765.14003904,
    -3360.288235256,
    -3137.026774964
  ],
  "avg_mag": [
    0.99981164768,
    0.8714609285896,
    0.8508575869791999,
    0.8115194884208,
    0.6994387772208,
    0.4604636768256,
    0.32237441572880005
  ],
  "spec_heat": [
    1871.9531736059557,
    15288.941789999977,
    22624.286700799963,
    45263.387200399986,
    80970.36075679991,
    44652.29205839992
  ],
  "spec_heat_temps": [
    0.618,
    0.839,
    0.844,
    0.849,
    0.854,
    0.859
  ]
}